test,predict,testlabel,predictlabel
0.618583333,0.6271487,0,0
0.62,0.6364972,0,0
0.656230769,0.6580346,1,1
0.712076923,0.6733559,2,1
0.757571429,0.7170849,2,2
