test,predict,testlabel,predictlabel
0.616636364,0.62471926,0,0
0.6460833330000001,0.63501996,1,0
0.682384615,0.67067206,1,1
0.704833333,0.65721995,2,1
0.726153846,0.6754084,2,1
