test,predict,testlabel,predictlabel
0.617916667,0.61246806,0,0
0.638166667,0.63522655,0,0
0.6507333329999999,0.68102556,1,1
0.719571429,0.6929597,2,1
0.708692308,0.715633,2,2
