test,predict,testlabel,predictlabel
0.61725,0.62087,0,0
0.6162,0.6460006,0,1
0.6432,0.65627444,1,1
0.7217692310000001,0.65455073,2,1
0.767538462,0.70552224,2,2
