test,predict,testlabel,predictlabel
0.618583333,0.6329768,0,0
0.62,0.6433928,0,1
0.656230769,0.64984316,1,1
0.712076923,0.66652405,2,1
0.757571429,0.69728065,2,1
