test,predict,testlabel,predictlabel
0.60675,0.6193086,0,0
0.62475,0.6372737,0,0
0.6628571429999999,0.63062865,1,0
0.692272727,0.7053248,1,2
0.735230769,0.68840724,2,1
