test,predict,testlabel,predictlabel
0.617916667,0.6138178,0,0
0.638166667,0.6594494,0,1
0.6507333329999999,0.7043496,1,2
0.719571429,0.6912669,2,1
0.708692308,0.73478764,2,2
