test,predict,testlabel,predictlabel
0.626,0.61543,0,0
0.621727273,0.6296093,0,0
0.6596666669999999,0.6307759,1,0
0.699933333,0.6419202,1,1
0.719,0.72558016,2,2
