test,predict,testlabel,predictlabel
0.616636364,0.6230536,0,0
0.6460833330000001,0.64676553,1,1
0.682384615,0.6472151,1,1
0.704833333,0.65089107,2,1
0.726153846,0.6749224,2,1
