test,predict,testlabel,predictlabel
0.617916667,0.6147522,0,0
0.638166667,0.6554038,0,1
0.6507333329999999,0.70240223,1,2
0.719571429,0.67019576,2,1
0.708692308,0.72087044,2,2
