test,predict,testlabel,predictlabel
0.60675,0.6289136,0,0
0.62475,0.6268522,0,0
0.6628571429999999,0.640401,1,1
0.692272727,0.6777229,1,1
0.735230769,0.68572456,2,1
