test,predict,testlabel,predictlabel
0.617916667,0.6163906,0,0
0.638166667,0.63466245,0,0
0.6507333329999999,0.7030159,1,2
0.719571429,0.68965155,2,1
0.708692308,0.7456642,2,2
