test,predict,testlabel,predictlabel
0.618583333,0.6445149,0,1
0.62,0.6439928,0,1
0.656230769,0.6820221,1,1
0.712076923,0.67635864,2,1
0.757571429,0.7223131,2,2
