test,predict,testlabel,predictlabel
0.626,0.60937256,0,0
0.621727273,0.6261912,0,0
0.6596666669999999,0.6230213,1,0
0.699933333,0.6375702,1,0
0.719,0.7069651,2,2
