test,predict,testlabel,predictlabel
0.61725,0.62093264,0,0
0.6162,0.67057276,0,1
0.6432,0.6427288,1,1
0.7217692310000001,0.68724346,2,1
0.767538462,0.6996784,2,1
