test,predict,testlabel,predictlabel
0.613909091,0.698789,0,1
0.637583333,0.6363169,0,0
0.6439999999999999,0.6747717,1,1
0.681,0.73117405,1,2
0.714,0.7372174,2,2
