test,predict,testlabel,predictlabel
0.626,0.6162899,0,0
0.621727273,0.6263405,0,0
0.6596666669999999,0.6246983,1,0
0.699933333,0.65414816,1,1
0.719,0.707212,2,2
