test,predict,testlabel,predictlabel
0.613909091,0.6716225,0,1
0.637583333,0.6463715,0,1
0.6439999999999999,0.6882122,1,1
0.681,0.72470677,1,2
0.714,0.73997784,2,2
