test,predict,testlabel,predictlabel
0.626,0.61899495,0,0
0.621727273,0.6234179,0,0
0.6596666669999999,0.6224361,1,0
0.699933333,0.66140103,1,1
0.719,0.73016727,2,2
