test,predict,testlabel,predictlabel
0.616636364,0.6219224,0,0
0.6460833330000001,0.6523591,1,1
0.682384615,0.6595669,1,1
0.704833333,0.65640426,2,1
0.726153846,0.7045614,2,2
