test,predict,testlabel,predictlabel
0.60675,0.61423427,0,0
0.62475,0.6156808,0,0
0.6628571429999999,0.65743023,1,1
0.692272727,0.6550365,1,1
0.735230769,0.6495912,2,1
