test,predict,testlabel,predictlabel
0.613909091,0.6761787,0,1
0.637583333,0.6591006,0,1
0.6439999999999999,0.66975564,1,1
0.681,0.7224208,1,2
0.714,0.7086284,2,2
