test,predict,testlabel,predictlabel
0.618583333,0.6334516,0,0
0.62,0.6275014,0,0
0.656230769,0.64429224,1,1
0.712076923,0.6538582,2,1
0.757571429,0.7186834,2,2
