test,predict,testlabel,predictlabel
0.616636364,0.66926044,0,1
0.6460833330000001,0.6396045,1,0
0.682384615,0.6577275,1,1
0.704833333,0.6496582,2,1
0.726153846,0.7106108,2,2
