test,predict,testlabel,predictlabel
0.61725,0.6083737,0,0
0.6162,0.67389375,0,1
0.6432,0.69656444,1,1
0.7217692310000001,0.6841455,2,1
0.767538462,0.7136898,2,2
