test,predict,testlabel,predictlabel
0.60675,0.6149168,0,0
0.62475,0.6199479,0,0
0.6628571429999999,0.68090165,1,1
0.692272727,0.6893336,1,1
0.735230769,0.67693985,2,1
