test,predict,testlabel,predictlabel
0.61725,0.6153666,0,0
0.6162,0.67968404,0,1
0.6432,0.6742451,1,1
0.7217692310000001,0.6693571,2,1
0.767538462,0.7184161,2,2
