test,predict,testlabel,predictlabel
0.626,0.61074704,0,0
0.621727273,0.632121,0,0
0.6596666669999999,0.6205623,1,0
0.699933333,0.6820383,1,1
0.719,0.7207346,2,2
