test,predict,testlabel,predictlabel
0.613909091,0.6801288,0,1
0.637583333,0.6334348,0,0
0.6439999999999999,0.67204183,1,1
0.681,0.717462,1,2
0.714,0.7126993,2,2
