test,predict,testlabel,predictlabel
0.60675,0.6233137,0,0
0.62475,0.62065256,0,0
0.6628571429999999,0.64273095,1,1
0.692272727,0.66348237,1,1
0.735230769,0.67961156,2,1
