test,predict,testlabel,predictlabel
0.618583333,0.623216,0,0
0.62,0.62854046,0,0
0.656230769,0.67896646,1,1
0.712076923,0.67044735,2,1
0.757571429,0.72605824,2,2
