test,predict,testlabel,predictlabel
0.613909091,0.6964292,0,1
0.637583333,0.6477009,0,1
0.6439999999999999,0.67643976,1,1
0.681,0.72703785,1,2
0.714,0.7140361,2,2
