test,predict,testlabel,predictlabel
0.617916667,0.61329424,0,0
0.638166667,0.6327333,0,0
0.6507333329999999,0.68990594,1,1
0.719571429,0.6571273,2,1
0.708692308,0.7415358,2,2
