test,predict,testlabel,predictlabel
0.61725,0.6180432,0,0
0.6162,0.6703216,0,1
0.6432,0.6292244,1,0
0.7217692310000001,0.68616724,2,1
0.767538462,0.70795894,2,2
