test,predict,testlabel,predictlabel
0.616636364,0.6252417,0,0
0.6460833330000001,0.64888334,1,1
0.682384615,0.6478165,1,1
0.704833333,0.6679131,2,1
0.726153846,0.6890474,2,1
